{
"lengthUnit": "mil",
"components": {
	"fields": ["COMPONENT_NO", "COMPONENT_NAME", "LAYER", "X_COORDINATE", "Y_COORDINATE", "ANGLE"],
	"rows": [
		[1, "H1", "T", 1180, 790, 0],
		[2, "H2", "T", 1180, 593.15, 0],
		[3, "PAD1", "B", 140, -2380, 0],
		[4, "PAD2", "B", 240, -2380, 0],
		[5, "PAD3", "B", 340, -2380, 0],
		[6, "PAD4", "B", 440, -2380, 0],
		[7, "PAD5", "B", 540, -2380, 0],
		[8, "PAD6", "B", 640, -2380, 0],
		[9, "PAD7", "B", 740, -2380, 0],
		[10, "PAD8", "B", 840, -2380, 0],
		[11, "PAD9", "B", 940, -2380, 0],
		[12, "PAD10", "B", 1040, -2380, 0],
		[13, "PAD11", "B", 1140, -2380, 0],
		[14, "PAD12", "B", 1240, -2380, 0],
		[15, "PAD13", "B", 1340, -2380, 0],
		[16, "PAD14", "B", 1440, -2380, 0],
		[17, "PAD15", "B", 1540, -2380, 0],
		[18, "PAD16", "B", 1640, -2380, 0],
		[19, "PAD17", "B", 1740, -2380, 0],
		[20, "PAD18", "B", 1840, -2380, 0],
		[21, "PAD19", "B", 1940, -2380, 0],
		[22, "PAD20", "B", 2040, -2380, 0],
		[23, "PAD21", "B", 2140, -2380, 0],
		[24, "PAD22", "B", 2240, -2380, 0],
		[25, "PAD23", "T", 140, -2380, 0],
		[26, "PAD24", "T", 240, -2380, 0],
		[27, "PAD25", "T", 340, -2380, 0],
		[28, "PAD26", "T", 440, -2380, 0],
		[29, "PAD27", "T", 540, -2380, 0],
		[30, "PAD28", "T", 640, -2380, 0],
		[31, "PAD29", "T", 740, -2380, 0],
		[32, "PAD30", "T", 840, -2380, 0],
		[33, "PAD31", "T", 940, -2380, 0],
		[34, "PAD32", "T", 1040, -2380, 0],
		[35, "PAD33", "T", 1140, -2380, 0],
		[36, "PAD34", "T", 1240, -2380, 0],
		[37, "PAD35", "T", 1340, -2380, 0],
		[38, "PAD36", "T", 1440, -2380, 0],
		[39, "PAD37", "T", 1540, -2380, 0],
		[40, "PAD38", "T", 1640, -2380, 0],
		[41, "PAD39", "T", 1740, -2380, 0],
		[42, "PAD40", "T", 1840, -2380, 0],
		[43, "PAD41", "T", 1940, -2380, 0],
		[44, "PAD42", "T", 2040, -2380, 0],
		[45, "PAD43", "T", 2140, -2380, 0],
		[46, "PAD44", "T", 2240, -2380, 0]
	]
},
"pins": {
	"fields": ["PIN_NO", "PIN_NAME", "PIN_X", "PIN_Y", "LAYER", "PIN_TYPE", "NET_NAME", "NET_TYPE", "PAD_SHAPE", "PAD_SIZEX", "PAD_SIZEY", "HOLE_SIZE", "PAD_ANGLE"],
	"rows": [
		[1, "H1_1", 130, 790, "T", "DIP", "GND4", "", "R", 62.99, 62.99, 41.34, 0],
		[2, "H1_1", 130, 790, "B", "DIP", "GND4", "", "R", 62.99, 62.99, 41.34, 0],
		[3, "H1_2", 230, 790, "T", "DIP", "ROM_H", "", "C", 62.99, 62.99, 41.34, 0],
		[4, "H1_2", 230, 790, "B", "DIP", "ROM_H", "", "C", 62.99, 62.99, 41.34, 0],
		[5, "H1_3", 330, 790, "T", "DIP", "RESET", "", "C", 62.99, 62.99, 41.34, 0],
		[6, "H1_3", 330, 790, "B", "DIP", "RESET", "", "C", 62.99, 62.99, 41.34, 0],
		[7, "H1_4", 430, 790, "T", "DIP", "NMI", "", "C", 62.99, 62.99, 41.34, 0],
		[8, "H1_4", 430, 790, "B", "DIP", "NMI", "", "C", 62.99, 62.99, 41.34, 0],
		[9, "H1_5", 530, 790, "T", "DIP", "PHI2", "", "C", 62.99, 62.99, 41.34, 0],
		[10, "H1_5", 530, 790, "B", "DIP", "PHI2", "", "C", 62.99, 62.99, 41.34, 0],
		[11, "H1_6", 630, 790, "T", "DIP", "A15", "", "C", 62.99, 62.99, 41.34, 0],
		[12, "H1_6", 630, 790, "B", "DIP", "A15", "", "C", 62.99, 62.99, 41.34, 0],
		[13, "H1_7", 730, 790, "T", "DIP", "A14", "", "C", 62.99, 62.99, 41.34, 0],
		[14, "H1_7", 730, 790, "B", "DIP", "A14", "", "C", 62.99, 62.99, 41.34, 0],
		[15, "H1_8", 830, 790, "T", "DIP", "A13", "", "C", 62.99, 62.99, 41.34, 0],
		[16, "H1_8", 830, 790, "B", "DIP", "A13", "", "C", 62.99, 62.99, 41.34, 0],
		[17, "H1_9", 930, 790, "T", "DIP", "A12", "", "C", 62.99, 62.99, 41.34, 0],
		[18, "H1_9", 930, 790, "B", "DIP", "A12", "", "C", 62.99, 62.99, 41.34, 0],
		[19, "H1_10", 1030, 790, "T", "DIP", "A11", "", "C", 62.99, 62.99, 41.34, 0],
		[20, "H1_10", 1030, 790, "B", "DIP", "A11", "", "C", 62.99, 62.99, 41.34, 0],
		[21, "H1_11", 1130, 790, "T", "DIP", "A10", "", "C", 62.99, 62.99, 41.34, 0],
		[22, "H1_11", 1130, 790, "B", "DIP", "A10", "", "C", 62.99, 62.99, 41.34, 0],
		[23, "H1_12", 1230, 790, "T", "DIP", "A9", "", "C", 62.99, 62.99, 41.34, 0],
		[24, "H1_12", 1230, 790, "B", "DIP", "A9", "", "C", 62.99, 62.99, 41.34, 0],
		[25, "H1_13", 1330, 790, "T", "DIP", "A8", "", "C", 62.99, 62.99, 41.34, 0],
		[26, "H1_13", 1330, 790, "B", "DIP", "A8", "", "C", 62.99, 62.99, 41.34, 0],
		[27, "H1_14", 1430, 790, "T", "DIP", "A7", "", "C", 62.99, 62.99, 41.34, 0],
		[28, "H1_14", 1430, 790, "B", "DIP", "A7", "", "C", 62.99, 62.99, 41.34, 0],
		[29, "H1_15", 1530, 790, "T", "DIP", "A6", "", "C", 62.99, 62.99, 41.34, 0],
		[30, "H1_15", 1530, 790, "B", "DIP", "A6", "", "C", 62.99, 62.99, 41.34, 0],
		[31, "H1_16", 1630, 790, "T", "DIP", "A5", "", "C", 62.99, 62.99, 41.34, 0],
		[32, "H1_16", 1630, 790, "B", "DIP", "A5", "", "C", 62.99, 62.99, 41.34, 0],
		[33, "H1_17", 1730, 790, "T", "DIP", "A4", "", "C", 62.99, 62.99, 41.34, 0],
		[34, "H1_17", 1730, 790, "B", "DIP", "A4", "", "C", 62.99, 62.99, 41.34, 0],
		[35, "H1_18", 1830, 790, "T", "DIP", "A3", "", "C", 62.99, 62.99, 41.34, 0],
		[36, "H1_18", 1830, 790, "B", "DIP", "A3", "", "C", 62.99, 62.99, 41.34, 0],
		[37, "H1_19", 1930, 790, "T", "DIP", "A2", "", "C", 62.99, 62.99, 41.34, 0],
		[38, "H1_19", 1930, 790, "B", "DIP", "A2", "", "C", 62.99, 62.99, 41.34, 0],
		[39, "H1_20", 2030, 790, "T", "DIP", "A1", "", "C", 62.99, 62.99, 41.34, 0],
		[40, "H1_20", 2030, 790, "B", "DIP", "A1", "", "C", 62.99, 62.99, 41.34, 0],
		[41, "H1_21", 2130, 790, "T", "DIP", "A0", "", "C", 62.99, 62.99, 41.34, 0],
		[42, "H1_21", 2130, 790, "B", "DIP", "A0", "", "C", 62.99, 62.99, 41.34, 0],
		[43, "H1_22", 2230, 790, "T", "DIP", "GND3", "", "C", 62.99, 62.99, 41.34, 0],
		[44, "H1_22", 2230, 790, "B", "DIP", "GND3", "", "C", 62.99, 62.99, 41.34, 0],
		[45, "H2_1", 130, 593.15, "T", "DIP", "GND1", "", "R", 62.99, 62.99, 41.34, 0],
		[46, "H2_1", 130, 593.15, "B", "DIP", "GND1", "", "R", 62.99, 62.99, 41.34, 0],
		[47, "H2_2", 230, 593.15, "T", "DIP", "5V1", "", "C", 62.99, 62.99, 41.34, 0],
		[48, "H2_2", 230, 593.15, "B", "DIP", "5V1", "", "C", 62.99, 62.99, 41.34, 0],
		[49, "H2_3", 330, 593.15, "T", "DIP", "5V2", "", "C", 62.99, 62.99, 41.34, 0],
		[50, "H2_3", 330, 593.15, "B", "DIP", "5V2", "", "C", 62.99, 62.99, 41.34, 0],
		[51, "H2_4", 430, 593.15, "T", "DIP", "IRQ", "", "C", 62.99, 62.99, 41.34, 0],
		[52, "H2_4", 430, 593.15, "B", "DIP", "IRQ", "", "C", 62.99, 62.99, 41.34, 0],
		[53, "H2_5", 530, 593.15, "T", "DIP", "R/W", "", "C", 62.99, 62.99, 41.34, 0],
		[54, "H2_5", 530, 593.15, "B", "DIP", "R/W", "", "C", 62.99, 62.99, 41.34, 0],
		[55, "H2_6", 630, 593.15, "T", "DIP", "DOT_CLK", "", "C", 62.99, 62.99, 41.34, 0],
		[56, "H2_6", 630, 593.15, "B", "DIP", "DOT_CLK", "", "C", 62.99, 62.99, 41.34, 0],
		[57, "H2_7", 730, 593.15, "T", "DIP", "I/O1", "", "C", 62.99, 62.99, 41.34, 0],
		[58, "H2_7", 730, 593.15, "B", "DIP", "I/O1", "", "C", 62.99, 62.99, 41.34, 0],
		[59, "H2_8", 830, 593.15, "T", "DIP", "GAME", "", "C", 62.99, 62.99, 41.34, 0],
		[60, "H2_8", 830, 593.15, "B", "DIP", "GAME", "", "C", 62.99, 62.99, 41.34, 0],
		[61, "H2_9", 930, 593.15, "T", "DIP", "EXROM", "", "C", 62.99, 62.99, 41.34, 0],
		[62, "H2_9", 930, 593.15, "B", "DIP", "EXROM", "", "C", 62.99, 62.99, 41.34, 0],
		[63, "H2_10", 1030, 593.15, "T", "DIP", "I/O2", "", "C", 62.99, 62.99, 41.34, 0],
		[64, "H2_10", 1030, 593.15, "B", "DIP", "I/O2", "", "C", 62.99, 62.99, 41.34, 0],
		[65, "H2_11", 1130, 593.15, "T", "DIP", "ROM_L", "", "C", 62.99, 62.99, 41.34, 0],
		[66, "H2_11", 1130, 593.15, "B", "DIP", "ROM_L", "", "C", 62.99, 62.99, 41.34, 0],
		[67, "H2_12", 1230, 593.15, "T", "DIP", "BA", "", "C", 62.99, 62.99, 41.34, 0],
		[68, "H2_12", 1230, 593.15, "B", "DIP", "BA", "", "C", 62.99, 62.99, 41.34, 0],
		[69, "H2_13", 1330, 593.15, "T", "DIP", "DMA", "", "C", 62.99, 62.99, 41.34, 0],
		[70, "H2_13", 1330, 593.15, "B", "DIP", "DMA", "", "C", 62.99, 62.99, 41.34, 0],
		[71, "H2_14", 1430, 593.15, "T", "DIP", "D7", "", "C", 62.99, 62.99, 41.34, 0],
		[72, "H2_14", 1430, 593.15, "B", "DIP", "D7", "", "C", 62.99, 62.99, 41.34, 0],
		[73, "H2_15", 1530, 593.15, "T", "DIP", "D6", "", "C", 62.99, 62.99, 41.34, 0],
		[74, "H2_15", 1530, 593.15, "B", "DIP", "D6", "", "C", 62.99, 62.99, 41.34, 0],
		[75, "H2_16", 1630, 593.15, "T", "DIP", "D5", "", "C", 62.99, 62.99, 41.34, 0],
		[76, "H2_16", 1630, 593.15, "B", "DIP", "D5", "", "C", 62.99, 62.99, 41.34, 0],
		[77, "H2_17", 1730, 593.15, "T", "DIP", "D4", "", "C", 62.99, 62.99, 41.34, 0],
		[78, "H2_17", 1730, 593.15, "B", "DIP", "D4", "", "C", 62.99, 62.99, 41.34, 0],
		[79, "H2_18", 1830, 593.15, "T", "DIP", "D3", "", "C", 62.99, 62.99, 41.34, 0],
		[80, "H2_18", 1830, 593.15, "B", "DIP", "D3", "", "C", 62.99, 62.99, 41.34, 0],
		[81, "H2_19", 1930, 593.15, "T", "DIP", "D2", "", "C", 62.99, 62.99, 41.34, 0],
		[82, "H2_19", 1930, 593.15, "B", "DIP", "D2", "", "C", 62.99, 62.99, 41.34, 0],
		[83, "H2_20", 2030, 593.15, "T", "DIP", "D1", "", "C", 62.99, 62.99, 41.34, 0],
		[84, "H2_20", 2030, 593.15, "B", "DIP", "D1", "", "C", 62.99, 62.99, 41.34, 0],
		[85, "H2_21", 2130, 593.15, "T", "DIP", "D0", "", "C", 62.99, 62.99, 41.34, 0],
		[86, "H2_21", 2130, 593.15, "B", "DIP", "D0", "", "C", 62.99, 62.99, 41.34, 0],
		[87, "H2_22", 2230, 593.15, "T", "DIP", "GND2", "", "C", 62.99, 62.99, 41.34, 0],
		[88, "H2_22", 2230, 593.15, "B", "DIP", "GND2", "", "C", 62.99, 62.99, 41.34, 0],
		[89, "PAD1_A", 140, -2380, "B", "SMD", "GND4", "", "R", 60.5, 255.5, 0, 0],
		[90, "PAD2_B", 240, -2380, "B", "SMD", "ROM_H", "", "R", 60.5, 255.5, 0, 0],
		[91, "PAD3_C", 340, -2380, "B", "SMD", "RESET", "", "R", 60.5, 255.5, 0, 0],
		[92, "PAD4_D", 440, -2380, "B", "SMD", "NMI", "", "R", 60.5, 255.5, 0, 0],
		[93, "PAD5_E", 540, -2380, "B", "SMD", "PHI2", "", "R", 60.5, 255.5, 0, 0],
		[94, "PAD6_F", 640, -2380, "B", "SMD", "A15", "", "R", 60.5, 255.5, 0, 0],
		[95, "PAD7_H", 740, -2380, "B", "SMD", "A14", "", "R", 60.5, 255.5, 0, 0],
		[96, "PAD8_J", 840, -2380, "B", "SMD", "A13", "", "R", 60.5, 255.5, 0, 0],
		[97, "PAD9_K", 940, -2380, "B", "SMD", "A12", "", "R", 60.5, 255.5, 0, 0],
		[98, "PAD10_L", 1040, -2380, "B", "SMD", "A11", "", "R", 60.5, 255.5, 0, 0],
		[99, "PAD11_M", 1140, -2380, "B", "SMD", "A10", "", "R", 60.5, 255.5, 0, 0],
		[100, "PAD12_N", 1240, -2380, "B", "SMD", "A9", "", "R", 60.5, 255.5, 0, 0],
		[101, "PAD13_P", 1340, -2380, "B", "SMD", "A8", "", "R", 60.5, 255.5, 0, 0],
		[102, "PAD14_R", 1440, -2380, "B", "SMD", "A7", "", "R", 60.5, 255.5, 0, 0],
		[103, "PAD15_S", 1540, -2380, "B", "SMD", "A6", "", "R", 60.5, 255.5, 0, 0],
		[104, "PAD16_T", 1640, -2380, "B", "SMD", "A5", "", "R", 60.5, 255.5, 0, 0],
		[105, "PAD17_U", 1740, -2380, "B", "SMD", "A4", "", "R", 60.5, 255.5, 0, 0],
		[106, "PAD18_V", 1840, -2380, "B", "SMD", "A3", "", "R", 60.5, 255.5, 0, 0],
		[107, "PAD19_W", 1940, -2380, "B", "SMD", "A2", "", "R", 60.5, 255.5, 0, 0],
		[108, "PAD20_X", 2040, -2380, "B", "SMD", "A1", "", "R", 60.5, 255.5, 0, 0],
		[109, "PAD21_Y", 2140, -2380, "B", "SMD", "A0", "", "R", 60.5, 255.5, 0, 0],
		[110, "PAD22_Z", 2240, -2380, "B", "SMD", "GND3", "", "R", 60.5, 255.5, 0, 0],
		[111, "PAD23_1", 140, -2380, "T", "SMD", "GND1", "", "R", 60.5, 255.5, 0, 0],
		[112, "PAD24_2", 240, -2380, "T", "SMD", "5V1", "", "R", 60.5, 255.5, 0, 0],
		[113, "PAD25_3", 340, -2380, "T", "SMD", "5V2", "", "R", 60.5, 255.5, 0, 0],
		[114, "PAD26_4", 440, -2380, "T", "SMD", "IRQ", "", "R", 60.5, 255.5, 0, 0],
		[115, "PAD27_5", 540, -2380, "T", "SMD", "R/W", "", "R", 60.5, 255.5, 0, 0],
		[116, "PAD28_6", 640, -2380, "T", "SMD", "DOT_CLK", "", "R", 60.5, 255.5, 0, 0],
		[117, "PAD29_7", 740, -2380, "T", "SMD", "I/O1", "", "R", 60.5, 255.5, 0, 0],
		[118, "PAD30_8", 840, -2380, "T", "SMD", "GAME", "", "R", 60.5, 255.5, 0, 0],
		[119, "PAD31_9", 940, -2380, "T", "SMD", "EXROM", "", "R", 60.5, 255.5, 0, 0],
		[120, "PAD32_10", 1040, -2380, "T", "SMD", "I/O2", "", "R", 60.5, 255.5, 0, 0],
		[121, "PAD33_11", 1140, -2380, "T", "SMD", "ROM_L", "", "R", 60.5, 255.5, 0, 0],
		[122, "PAD34_12", 1240, -2380, "T", "SMD", "BA", "", "R", 60.5, 255.5, 0, 0],
		[123, "PAD35_13", 1340, -2380, "T", "SMD", "DMA", "", "R", 60.5, 255.5, 0, 0],
		[124, "PAD36_14", 1440, -2380, "T", "SMD", "D7", "", "R", 60.5, 255.5, 0, 0],
		[125, "PAD37_15", 1540, -2380, "T", "SMD", "D6", "", "R", 60.5, 255.5, 0, 0],
		[126, "PAD38_16", 1640, -2380, "T", "SMD", "D5", "", "R", 60.5, 255.5, 0, 0],
		[127, "PAD39_17", 1740, -2380, "T", "SMD", "D4", "", "R", 60.5, 255.5, 0, 0],
		[128, "PAD40_18", 1840, -2380, "T", "SMD", "D3", "", "R", 60.5, 255.5, 0, 0],
		[129, "PAD41_19", 1940, -2380, "T", "SMD", "D2", "", "R", 60.5, 255.5, 0, 0],
		[130, "PAD42_20", 2040, -2380, "T", "SMD", "D1", "", "R", 60.5, 255.5, 0, 0],
		[131, "PAD43_21", 2140, -2380, "T", "SMD", "D0", "", "R", 60.5, 255.5, 0, 0],
		[132, "PAD44_22", 2240, -2380, "T", "SMD", "GND2", "", "R", 60.5, 255.5, 0, 0]
	]
}
}